Date,Open*,High,Low,Close**,Volume,Market Cap
31-Mar-21,$196.69 ,$199.28 ,$189.49 ,$197.50 ,"$3,416,343,750 ","$13,183,541,314 "
30-Mar-21,$194.47 ,$200.12 ,$191.15 ,$196.68 ,"$3,604,665,752 ","$13,129,004,499 "
29-Mar-21,$185.02 ,$197.49 ,$183.48 ,$194.47 ,"$3,353,971,422 ","$12,981,660,946 "
28-Mar-21,$184.82 ,$187.75 ,$181.67 ,$185.03 ,"$2,162,823,815 ","$12,351,098,573 "
27-Mar-21,$184.27 ,$186.54 ,$179.12 ,$184.83 ,"$2,408,040,965 ","$12,336,637,351 "
26-Mar-21,$173.02 ,$184.44 ,$172.74 ,$184.28 ,"$3,109,769,980 ","$12,298,583,953 "
25-Mar-21,$177.59 ,$179.13 ,$169.64 ,$173.06 ,"$3,429,325,350 ","$11,548,812,450 "
24-Mar-21,$187.34 ,$197.34 ,$175.84 ,$177.65 ,"$4,051,272,249 ","$11,854,104,964 "
23-Mar-21,$187.07 ,$189.96 ,$182.69 ,$187.39 ,"$3,047,428,308 ","$12,502,735,967 "
22-Mar-21,$196.43 ,$198.90 ,$186.62 ,$187.08 ,"$3,115,325,434 ","$12,480,313,549 "
21-Mar-21,$200.81 ,$202.85 ,$193.50 ,$196.43 ,"$2,758,761,604 ","$13,102,583,632 "
20-Mar-21,$201.03 ,$206.70 ,$200.18 ,$200.81 ,"$2,529,075,165 ","$13,393,101,107 "
19-Mar-21,$200.50 ,$205.34 ,$196.95 ,$201.06 ,"$2,807,932,048 ","$13,408,836,542 "
18-Mar-21,$206.03 ,$208.10 ,$200.10 ,$200.54 ,"$3,719,561,575 ","$13,372,309,588 "
17-Mar-21,$201.06 ,$206.29 ,$195.03 ,$206.07 ,"$4,362,001,168 ","$13,739,726,325 "
16-Mar-21,$201.19 ,$204.86 ,$192.19 ,$201.04 ,"$5,270,029,739 ","$13,403,133,372 "
15-Mar-21,$215.23 ,$221.69 ,$198.75 ,$201.26 ,"$6,186,375,403 ","$13,416,579,221 "
14-Mar-21,$226.51 ,$227.83 ,$215.30 ,$215.30 ,"$4,537,627,844 ","$14,350,314,679 "
13-Mar-21,$220.86 ,$229.37 ,$213.61 ,$226.58 ,"$6,378,541,696 ","$15,100,529,216 "
12-Mar-21,$201.27 ,$223.61 ,$198.95 ,$220.83 ,"$8,079,722,567 ","$14,715,870,199 "
11-Mar-21,$200.45 ,$203.17 ,$191.54 ,$201.25 ,"$4,823,154,653 ","$13,409,899,023 "
10-Mar-21,$203.64 ,$207.39 ,$192.58 ,$200.52 ,"$6,296,082,804 ","$13,362,305,353 "
09-Mar-21,$191.94 ,$204.75 ,$189.42 ,$203.64 ,"$5,408,294,951 ","$13,568,866,822 "
08-Mar-21,$190.77 ,$194.62 ,$180.07 ,$191.93 ,"$4,401,225,306 ","$12,787,203,585 "
07-Mar-21,$182.99 ,$191.77 ,$182.42 ,$190.76 ,"$3,541,357,558 ","$12,707,914,233 "
06-Mar-21,$180.71 ,$184.34 ,$175.40 ,$182.98 ,"$3,799,599,706 ","$12,188,376,458 "
05-Mar-21,$181.04 ,$183.10 ,$169.33 ,$180.77 ,"$4,560,793,618 ","$12,039,353,700 "
04-Mar-21,$188.46 ,$194.23 ,$177.32 ,$181.08 ,"$5,488,598,135 ","$12,058,928,099 "
03-Mar-21,$177.97 ,$196.26 ,$177.37 ,$188.53 ,"$6,392,122,021 ","$12,553,608,189 "
02-Mar-21,$175.21 ,$184.73 ,$171.20 ,$177.87 ,"$5,247,274,825 ","$11,843,018,105 "
01-Mar-21,$164.98 ,$176.36 ,$163.97 ,$175.24 ,"$4,627,257,694 ","$11,666,301,506 "
28-Feb-21,$172.10 ,$172.65 ,$154.80 ,$164.93 ,"$5,945,000,101 ","$10,978,655,641 "
27-Feb-21,$170.43 ,$179.93 ,$167.91 ,$172.10 ,"$4,991,079,437 ","$11,454,859,536 "
26-Feb-21,$179.13 ,$182.08 ,$163.25 ,$170.40 ,"$7,875,998,386 ","$11,340,299,606 "
25-Feb-21,$181.39 ,$204.74 ,$176.03 ,$178.90 ,"$7,327,999,233 ","$11,904,886,776 "
24-Feb-21,$176.97 ,$189.17 ,$169.79 ,$181.38 ,"$7,205,360,252 ","$12,070,508,501 "
23-Feb-21,$208.12 ,$208.37 ,$159.68 ,$176.93 ,"$10,944,696,472 ","$11,773,563,803 "
22-Feb-21,$227.22 ,$227.23 ,$182.53 ,$208.11 ,"$9,523,044,215 ","$13,846,295,160 "
21-Feb-21,$227.52 ,$233.15 ,$220.98 ,$227.23 ,"$6,934,669,818 ","$15,117,128,942 "
20-Feb-21,$236.65 ,$245.96 ,$216.64 ,$227.62 ,"$8,208,699,025 ","$15,143,671,930 "
19-Feb-21,$226.90 ,$241.16 ,$220.96 ,$236.68 ,"$7,151,082,978 ","$15,744,553,204 "
18-Feb-21,$236.95 ,$238.20 ,$221.59 ,$226.87 ,"$7,889,078,633 ","$15,090,475,729 "
17-Feb-21,$210.57 ,$236.97 ,$204.24 ,$236.97 ,"$13,792,789,978 ","$15,760,825,693 "
16-Feb-21,$207.61 ,$221.05 ,$201.30 ,$210.55 ,"$12,666,436,004 ","$14,001,682,545 "
15-Feb-21,$214.32 ,$219.64 ,$192.12 ,$207.68 ,"$13,482,646,966 ","$13,809,636,077 "
14-Feb-21,$226.29 ,$229.21 ,$210.10 ,$214.43 ,"$12,902,511,399 ","$14,256,947,121 "
13-Feb-21,$197.23 ,$228.38 ,$192.92 ,$226.23 ,"$16,565,513,036 ","$15,039,659,993 "
12-Feb-21,$184.39 ,$199.42 ,$178.12 ,$197.23 ,"$10,839,370,443 ","$13,110,544,888 "
11-Feb-21,$182.06 ,$192.50 ,$176.55 ,$184.50 ,"$9,278,994,121 ","$12,262,582,772 "
10-Feb-21,$181.99 ,$194.18 ,$172.26 ,$182.17 ,"$12,820,808,289 ","$12,107,028,489 "
09-Feb-21,$167.21 ,$183.64 ,$164.69 ,$182.11 ,"$10,156,352,233 ","$12,101,771,285 "
08-Feb-21,$151.11 ,$168.27 ,$148.12 ,$167.22 ,"$8,863,883,926 ","$11,110,735,149 "
07-Feb-21,$155.67 ,$157.13 ,$145.66 ,$151.14 ,"$6,884,924,123 ","$10,041,267,658 "
06-Feb-21,$154.85 ,$163.43 ,$150.51 ,$155.71 ,"$8,323,878,876 ","$10,344,025,914 "
05-Feb-21,$145.15 ,$156.54 ,$144.32 ,$154.85 ,"$7,359,451,680 ","$10,285,648,748 "
04-Feb-21,$155.66 ,$158.09 ,$142.41 ,$145.15 ,"$7,811,659,280 ","$9,640,051,952 "
03-Feb-21,$142.48 ,$155.89 ,$142.17 ,$155.61 ,"$8,586,975,076 ","$10,334,816,210 "
02-Feb-21,$131.95 ,$145.53 ,$131.95 ,$142.51 ,"$7,552,216,052 ","$9,463,573,244 "
01-Feb-21,$129.57 ,$136.13 ,$126.35 ,$131.95 ,"$5,607,159,828 ","$8,761,704,259 "
31-Jan-21,$133.42 ,$134.70 ,$126.25 ,$129.57 ,"$4,539,387,378 ","$8,602,571,147 "
30-Jan-21,$135.00 ,$135.90 ,$128.92 ,$133.40 ,"$6,332,391,807 ","$8,855,782,168 "
29-Jan-21,$138.22 ,$144.96 ,$132.16 ,$135.01 ,"$8,878,892,082 ","$8,961,864,718 "
28-Jan-21,$122.94 ,$135.79 ,$121.54 ,$133.49 ,"$5,828,235,786 ","$8,859,696,434 "
27-Jan-21,$134.75 ,$134.86 ,$118.79 ,$122.95 ,"$6,281,091,792 ","$8,159,485,219 "
26-Jan-21,$137.43 ,$139.54 ,$128.87 ,$134.76 ,"$5,897,389,103 ","$8,942,724,603 "
25-Jan-21,$141.44 ,$147.15 ,$137.01 ,$137.44 ,"$6,344,860,290 ","$9,120,218,856 "
24-Jan-21,$137.74 ,$142.65 ,$134.48 ,$141.48 ,"$4,972,171,240 ","$9,387,244,668 "
23-Jan-21,$137.20 ,$142.34 ,$135.11 ,$137.75 ,"$5,380,627,901 ","$9,138,967,679 "
22-Jan-21,$130.07 ,$141.02 ,$123.65 ,$137.27 ,"$8,550,579,025 ","$9,106,163,561 "
21-Jan-21,$149.94 ,$149.94 ,$126.23 ,$130.13 ,"$8,703,006,148 ","$8,631,731,441 "
20-Jan-21,$153.36 ,$156.14 ,$139.09 ,$149.93 ,"$9,002,037,330 ","$9,943,883,702 "
19-Jan-21,$152.20 ,$165.92 ,$150.49 ,$153.49 ,"$9,314,780,275 ","$10,178,638,262 "
18-Jan-21,$142.43 ,$154.53 ,$138.81 ,$152.14 ,"$6,640,211,538 ","$10,088,494,155 "
17-Jan-21,$144.22 ,$146.82 ,$137.07 ,$142.43 ,"$6,098,835,633 ","$9,443,391,846 "
16-Jan-21,$144.19 ,$152.06 ,$140.00 ,$144.27 ,"$7,183,807,955 ","$9,563,943,063 "
15-Jan-21,$152.11 ,$155.12 ,$132.19 ,$144.24 ,"$8,416,625,031 ","$9,561,058,743 "
14-Jan-21,$147.38 ,$156.57 ,$144.18 ,$152.08 ,"$8,271,411,810 ","$10,080,148,977 "
13-Jan-21,$132.66 ,$147.88 ,$126.86 ,$147.42 ,"$8,421,748,673 ","$9,766,018,251 "
12-Jan-21,$139.08 ,$146.72 ,$128.93 ,$132.64 ,"$11,898,878,222 ","$8,786,548,247 "
11-Jan-21,$171.09 ,$171.09 ,$114.96 ,$139.25 ,"$17,994,263,494 ","$9,224,850,105 "
10-Jan-21,$177.48 ,$185.78 ,$163.78 ,$171.11 ,"$12,774,461,582 ","$11,335,608,546 "
09-Jan-21,$173.25 ,$179.09 ,$164.15 ,$177.48 ,"$11,136,779,198 ","$11,757,532,983 "
08-Jan-21,$169.64 ,$181.77 ,$151.65 ,$173.28 ,"$14,705,614,969 ","$11,479,032,354 "
07-Jan-21,$169.07 ,$180.87 ,$162.81 ,$169.62 ,"$13,099,581,396 ","$11,236,313,944 "
06-Jan-21,$158.67 ,$169.66 ,$155.45 ,$169.02 ,"$10,743,884,477 ","$11,196,630,531 "
05-Jan-21,$154.90 ,$162.85 ,$147.40 ,$158.59 ,"$10,192,818,976 ","$10,506,208,953 "
04-Jan-21,$160.27 ,$173.03 ,$143.62 ,$154.81 ,"$13,659,785,704 ","$10,254,764,750 "
03-Jan-21,$136.95 ,$163.90 ,$135.74 ,$160.19 ,"$15,385,661,271 ","$10,610,100,157 "
02-Jan-21,$126.27 ,$140.37 ,$123.69 ,$136.94 ,"$10,532,067,985 ","$9,069,424,356 "
01-Jan-21,$124.67 ,$133.19 ,$123.33 ,$126.23 ,"$7,326,980,728 ","$8,358,909,486 "
31-Dec-20,$129.48 ,$130.17 ,$123.04 ,$124.69 ,"$6,274,573,135 ","$8,256,035,501 "
30-Dec-20,$129.06 ,$132.45 ,$123.44 ,$129.47 ,"$8,127,317,345 ","$8,571,310,124 "
29-Dec-20,$130.03 ,$130.61 ,$121.19 ,$129.04 ,"$9,160,551,332 ","$8,542,261,137 "
28-Dec-20,$127.59 ,$136.19 ,$127.07 ,$130.05 ,"$10,248,729,547 ","$8,608,138,657 "
27-Dec-20,$129.46 ,$138.32 ,$123.10 ,$127.52 ,"$14,103,307,412 ","$8,439,551,136 "
26-Dec-20,$127.08 ,$134.74 ,$125.13 ,$129.46 ,"$12,680,207,148 ","$8,567,168,165 "
25-Dec-20,$111.51 ,$128.03 ,$108.59 ,$126.98 ,"$11,678,543,063 ","$8,402,415,631 "
24-Dec-20,$101.90 ,$111.93 ,$99.61 ,$111.57 ,"$10,108,653,753 ","$7,381,279,579 "
23-Dec-20,$113.68 ,$116.89 ,$96.27 ,$101.82 ,"$12,287,537,836 ","$6,735,539,590 "
22-Dec-20,$104.95 ,$114.03 ,$98.87 ,$113.68 ,"$11,221,164,987 ","$7,519,474,399 "
21-Dec-20,$114.67 ,$118.02 ,$101.60 ,$105.01 ,"$9,903,839,433 ","$6,944,917,515 "
20-Dec-20,$120.49 ,$122.74 ,$110.77 ,$114.67 ,"$8,652,067,110 ","$7,583,089,812 "
19-Dec-20,$109.37 ,$123.76 ,$105.69 ,$120.56 ,"$9,859,343,632 ","$7,971,885,335 "
18-Dec-20,$100.99 ,$112.25 ,$99.55 ,$109.38 ,"$10,096,427,749 ","$7,232,216,464 "
17-Dec-20,$92.80 ,$109.23 ,$91.14 ,$100.96 ,"$11,165,000,706 ","$6,674,511,819 "
16-Dec-20,$81.41 ,$92.85 ,$79.03 ,$92.79 ,"$6,152,647,270 ","$6,133,693,800 "
15-Dec-20,$82.36 ,$84.71 ,$80.70 ,$81.40 ,"$3,727,495,996 ","$5,380,245,587 "
14-Dec-20,$82.03 ,$82.87 ,$79.43 ,$82.36 ,"$3,459,910,049 ","$5,443,275,105 "
13-Dec-20,$76.71 ,$83.89 ,$75.66 ,$82.00 ,"$3,845,040,543 ","$5,418,690,204 "
12-Dec-20,$72.08 ,$77.52 ,$72.08 ,$76.71 ,"$2,966,684,035 ","$5,068,283,240 "
11-Dec-20,$74.83 ,$74.85 ,$70.23 ,$72.09 ,"$3,761,860,017 ","$4,762,563,166 "
10-Dec-20,$77.41 ,$77.58 ,$73.47 ,$74.83 ,"$3,007,098,971 ","$4,943,203,900 "
09-Dec-20,$76.74 ,$78.10 ,$72.62 ,$77.41 ,"$4,239,672,634 ","$5,113,163,503 "
08-Dec-20,$83.62 ,$84.71 ,$75.98 ,$76.75 ,"$4,230,876,095 ","$5,068,820,612 "
07-Dec-20,$83.55 ,$86.73 ,$81.93 ,$83.62 ,"$4,312,326,196 ","$5,522,332,008 "
06-Dec-20,$83.12 ,$85.04 ,$80.60 ,$83.56 ,"$3,454,805,957 ","$5,517,178,551 "
05-Dec-20,$80.01 ,$84.17 ,$79.15 ,$83.12 ,"$4,517,680,975 ","$5,487,737,378 "
04-Dec-20,$89.10 ,$89.60 ,$78.77 ,$80.02 ,"$5,444,117,736 ","$5,282,368,906 "
03-Dec-20,$88.88 ,$91.12 ,$85.81 ,$89.10 ,"$6,014,261,404 ","$5,881,242,130 "
02-Dec-20,$85.44 ,$90.11 ,$83.40 ,$88.86 ,"$7,713,268,210 ","$5,864,578,837 "
01-Dec-20,$87.58 ,$92.28 ,$81.31 ,$85.44 ,"$9,818,290,618 ","$5,638,149,878 "
30-Nov-20,$79.21 ,$88.13 ,$77.07 ,$87.57 ,"$6,812,463,307 ","$5,778,622,122 "
29-Nov-20,$72.70 ,$80.78 ,$71.73 ,$79.24 ,"$5,314,384,738 ","$5,227,758,602 "
28-Nov-20,$69.13 ,$74.83 ,$68.55 ,$72.69 ,"$4,784,394,518 ","$4,795,595,984 "
27-Nov-20,$70.88 ,$73.46 ,$65.95 ,$69.12 ,"$5,874,999,214 ","$4,559,668,328 "
26-Nov-20,$81.88 ,$83.07 ,$65.23 ,$70.87 ,"$8,965,913,476 ","$4,674,081,621 "
25-Nov-20,$89.20 ,$90.41 ,$79.86 ,$81.88 ,"$6,033,297,331 ","$5,400,000,837 "
24-Nov-20,$89.03 ,$93.58 ,$86.83 ,$89.21 ,"$7,748,145,325 ","$5,882,460,030 "
23-Nov-20,$82.70 ,$90.16 ,$81.19 ,$89.04 ,"$7,198,913,664 ","$5,870,816,229 "
22-Nov-20,$86.41 ,$87.64 ,$79.65 ,$82.70 ,"$6,285,046,852 ","$5,452,444,708 "
21-Nov-20,$82.58 ,$88.00 ,$80.65 ,$86.41 ,"$6,565,673,514 ","$5,696,028,601 "
20-Nov-20,$81.68 ,$85.17 ,$80.27 ,$82.58 ,"$6,264,878,329 ","$5,444,339,642 "
19-Nov-20,$73.70 ,$83.21 ,$71.80 ,$81.68 ,"$6,615,851,204 ","$5,384,471,724 "
18-Nov-20,$75.85 ,$76.45 ,$69.63 ,$73.69 ,"$6,120,728,271 ","$4,857,299,278 "
17-Nov-20,$73.50 ,$76.43 ,$71.23 ,$75.85 ,"$5,781,117,491 ","$4,998,932,617 "
16-Nov-20,$62.28 ,$72.00 ,$62.17 ,$71.33 ,"$5,089,779,254 ","$4,700,142,572 "
15-Nov-20,$63.77 ,$64.15 ,$61.23 ,$62.28 ,"$2,565,763,410 ","$4,103,576,321 "
14-Nov-20,$65.46 ,$65.84 ,$61.93 ,$63.77 ,"$2,879,859,655 ","$4,201,549,257 "
13-Nov-20,$60.36 ,$66.02 ,$60.31 ,$65.46 ,"$4,324,936,978 ","$4,311,996,164 "
12-Nov-20,$59.51 ,$60.45 ,$58.31 ,$60.37 ,"$2,506,731,801 ","$3,976,146,557 "
11-Nov-20,$58.24 ,$60.55 ,$58.20 ,$59.52 ,"$2,580,790,979 ","$3,919,710,178 "
10-Nov-20,$59.37 ,$59.66 ,$57.60 ,$58.24 ,"$2,269,831,643 ","$3,835,152,414 "
09-Nov-20,$61.06 ,$61.78 ,$57.84 ,$59.36 ,"$2,791,720,300 ","$3,908,932,290 "
08-Nov-20,$59.14 ,$61.81 ,$58.88 ,$61.06 ,"$2,560,316,021 ","$4,019,845,346 "
07-Nov-20,$63.13 ,$64.40 ,$57.59 ,$59.14 ,"$4,320,946,722 ","$3,893,544,751 "
06-Nov-20,$58.68 ,$63.28 ,$58.47 ,$63.13 ,"$4,083,503,373 ","$4,155,585,902 "
05-Nov-20,$54.50 ,$59.22 ,$54.50 ,$58.68 ,"$3,250,514,599 ","$3,862,051,532 "
04-Nov-20,$53.82 ,$55.01 ,$51.61 ,$54.50 ,"$3,050,534,139 ","$3,586,579,398 "
03-Nov-20,$53.82 ,$54.27 ,$51.65 ,$53.82 ,"$2,580,300,879 ","$3,541,432,847 "
02-Nov-20,$55.59 ,$56.71 ,$53.21 ,$53.82 ,"$3,019,889,902 ","$3,540,884,990 "
01-Nov-20,$55.59 ,$55.97 ,$54.26 ,$55.59 ,"$2,045,991,010 ","$3,656,933,389 "
31-Oct-20,$53.84 ,$56.11 ,$53.53 ,$55.59 ,"$2,657,420,659 ","$3,656,741,432 "
30-Oct-20,$54.77 ,$55.57 ,$52.53 ,$53.84 ,"$2,563,994,174 ","$3,540,959,118 "
29-Oct-20,$55.74 ,$56.30 ,$53.46 ,$54.77 ,"$3,010,404,352 ","$3,601,801,225 "
28-Oct-20,$57.82 ,$60.30 ,$54.71 ,$55.74 ,"$3,786,206,312 ","$3,665,696,641 "
27-Oct-20,$56.75 ,$58.89 ,$56.51 ,$57.82 ,"$3,431,678,162 ","$3,801,761,833 "
26-Oct-20,$58.67 ,$59.10 ,$55.21 ,$56.75 ,"$3,701,855,843 ","$3,731,081,184 "
25-Oct-20,$59.10 ,$59.77 ,$56.66 ,$58.67 ,"$3,725,652,470 ","$3,857,572,663 "
24-Oct-20,$55.24 ,$59.33 ,$54.81 ,$59.10 ,"$3,899,047,277 ","$3,884,856,117 "
23-Oct-20,$54.30 ,$56.67 ,$53.18 ,$55.24 ,"$3,519,541,892 ","$3,630,921,272 "
22-Oct-20,$53.02 ,$56.06 ,$53.01 ,$54.27 ,"$3,814,584,794 ","$3,566,118,639 "
21-Oct-20,$47.06 ,$54.55 ,$47.06 ,$53.05 ,"$3,534,993,796 ","$3,485,819,576 "
20-Oct-20,$48.10 ,$48.44 ,$46.69 ,$47.05 ,"$1,757,468,523 ","$3,091,763,886 "
19-Oct-20,$47.64 ,$48.50 ,$46.99 ,$48.10 ,"$1,771,107,656 ","$3,160,267,220 "
18-Oct-20,$47.06 ,$47.88 ,$46.97 ,$47.62 ,"$2,636,565,895 ","$3,128,435,828 "
17-Oct-20,$47.75 ,$47.75 ,$46.75 ,$47.05 ,"$2,169,301,016 ","$3,090,962,057 "
16-Oct-20,$49.53 ,$49.90 ,$46.21 ,$47.69 ,"$2,331,529,601 ","$3,132,624,928 "
15-Oct-20,$49.83 ,$50.25 ,$49.06 ,$49.49 ,"$2,340,485,565 ","$3,250,355,736 "
14-Oct-20,$50.01 ,$50.98 ,$49.42 ,$49.85 ,"$2,213,563,866 ","$3,273,382,395 "
13-Oct-20,$50.68 ,$50.68 ,$49.13 ,$49.94 ,"$2,177,774,803 ","$3,279,211,860 "
12-Oct-20,$50.62 ,$51.52 ,$49.54 ,$50.74 ,"$2,646,408,249 ","$3,331,555,081 "
11-Oct-20,$48.91 ,$51.24 ,$48.87 ,$50.73 ,"$2,601,103,257 ","$3,330,028,818 "
10-Oct-20,$47.78 ,$50.41 ,$47.78 ,$48.92 ,"$2,781,995,604 ","$3,211,040,248 "
09-Oct-20,$47.22 ,$48.27 ,$46.71 ,$47.83 ,"$2,250,628,685 ","$3,139,276,406 "
08-Oct-20,$46.68 ,$47.49 ,$45.84 ,$47.22 ,"$2,350,341,454 ","$3,098,565,933 "
07-Oct-20,$46.00 ,$46.98 ,$45.24 ,$46.66 ,"$2,167,187,221 ","$3,061,759,913 "
06-Oct-20,$46.36 ,$48.08 ,$45.67 ,$45.99 ,"$3,013,107,749 ","$3,017,134,337 "
05-Oct-20,$46.74 ,$47.11 ,$45.69 ,$46.36 ,"$2,349,391,995 ","$3,041,609,178 "
04-Oct-20,$45.58 ,$47.04 ,$45.45 ,$46.73 ,"$2,034,541,387 ","$3,065,363,622 "
03-Oct-20,$44.91 ,$46.13 ,$44.78 ,$45.58 ,"$1,707,844,978 ","$2,989,719,911 "
02-Oct-20,$46.35 ,$46.95 ,$44.20 ,$44.92 ,"$2,201,641,713 ","$2,946,294,542 "
01-Oct-20,$46.43 ,$48.51 ,$45.57 ,$46.31 ,"$2,558,851,054 ","$3,037,112,538 "
30-Sep-20,$45.81 ,$46.72 ,$45.49 ,$46.37 ,"$1,979,505,099 ","$3,040,608,728 "
29-Sep-20,$45.30 ,$45.87 ,$45.02 ,$45.80 ,"$1,790,368,155 ","$3,002,587,743 "
28-Sep-20,$46.11 ,$46.96 ,$45.29 ,$45.36 ,"$1,923,868,466 ","$2,973,353,460 "
27-Sep-20,$46.09 ,$46.59 ,$45.06 ,$46.09 ,"$2,217,192,656 ","$3,021,254,303 "
26-Sep-20,$46.10 ,$46.52 ,$45.36 ,$46.19 ,"$2,123,570,272 ","$3,027,273,265 "
25-Sep-20,$45.05 ,$46.57 ,$44.15 ,$46.09 ,"$1,849,539,132 ","$3,020,217,186 "
24-Sep-20,$43.05 ,$45.17 ,$42.75 ,$45.04 ,"$2,070,966,440 ","$2,951,298,284 "
23-Sep-20,$44.49 ,$45.08 ,$42.74 ,$43.06 ,"$1,676,705,751 ","$2,821,103,400 "
22-Sep-20,$43.36 ,$44.77 ,$43.12 ,$44.55 ,"$1,078,696,494 ","$2,918,394,264 "
21-Sep-20,$47.13 ,$47.65 ,$42.54 ,$43.39 ,"$1,923,483,523 ","$2,842,432,912 "
20-Sep-20,$48.67 ,$48.67 ,$46.43 ,$47.10 ,"$1,033,913,350 ","$3,085,167,468 "
19-Sep-20,$48.48 ,$49.03 ,$48.21 ,$48.68 ,"$961,716,690 ","$3,188,069,967 "
18-Sep-20,$48.83 ,$49.08 ,$47.79 ,$48.46 ,"$1,135,775,840 ","$3,173,679,301 "
17-Sep-20,$47.98 ,$49.48 ,$47.88 ,$48.88 ,"$1,701,721,113 ","$3,200,475,070 "
16-Sep-20,$48.46 ,$48.79 ,$47.47 ,$47.93 ,"$1,674,030,602 ","$3,138,328,709 "
15-Sep-20,$49.12 ,$50.14 ,$48.35 ,$48.39 ,"$1,663,112,038 ","$3,167,891,971 "
14-Sep-20,$48.05 ,$49.94 ,$47.44 ,$49.09 ,"$1,786,276,098 ","$3,213,367,490 "
13-Sep-20,$50.76 ,$50.93 ,$47.53 ,$48.07 ,"$1,785,910,878 ","$3,145,983,705 "
12-Sep-20,$49.06 ,$51.22 ,$48.67 ,$50.82 ,"$1,588,978,329 ","$3,325,687,817 "
11-Sep-20,$48.72 ,$49.41 ,$47.40 ,$49.09 ,"$1,835,173,089 ","$3,212,303,729 "
10-Sep-20,$47.92 ,$49.38 ,$47.90 ,$48.72 ,"$2,001,211,524 ","$3,187,527,096 "
09-Sep-20,$47.38 ,$48.85 ,$46.70 ,$47.90 ,"$1,828,181,736 ","$3,133,588,725 "
08-Sep-20,$48.81 ,$49.30 ,$46.20 ,$47.38 ,"$2,314,205,963 ","$3,099,602,851 "
07-Sep-20,$48.03 ,$49.07 ,$45.62 ,$48.77 ,"$2,235,340,013 ","$3,189,892,800 "
06-Sep-20,$47.60 ,$48.90 ,$46.62 ,$48.05 ,"$2,075,916,067 ","$3,142,675,722 "
05-Sep-20,$50.62 ,$51.32 ,$46.15 ,$47.59 ,"$2,831,766,570 ","$3,111,962,365 "
04-Sep-20,$47.78 ,$52.33 ,$47.19 ,$50.61 ,"$2,851,271,830 ","$3,309,267,726 "
03-Sep-20,$58.01 ,$58.53 ,$47.06 ,$47.77 ,"$2,765,272,845 ","$3,123,351,779 "
02-Sep-20,$62.87 ,$63.07 ,$57.14 ,$58.10 ,"$2,790,169,260 ","$3,797,966,400 "
01-Sep-20,$61.11 ,$64.18 ,$60.39 ,$62.88 ,"$2,717,986,649 ","$4,110,169,776 "
31-Aug-20,$62.84 ,$63.49 ,$60.75 ,$61.11 ,"$2,561,891,272 ","$3,994,085,080 "
30-Aug-20,$57.21 ,$62.80 ,$57.17 ,$62.73 ,"$2,759,602,454 ","$4,099,231,860 "
29-Aug-20,$57.44 ,$58.23 ,$57.13 ,$57.29 ,"$2,006,047,086 ","$3,743,728,945 "
28-Aug-20,$56.10 ,$58.17 ,$55.57 ,$57.35 ,"$2,206,041,301 ","$3,747,428,403 "
27-Aug-20,$58.30 ,$59.16 ,$54.80 ,$56.04 ,"$2,212,235,187 ","$3,661,200,919 "
26-Aug-20,$58.44 ,$58.99 ,$57.21 ,$58.36 ,"$2,067,102,732 ","$3,812,133,909 "
25-Aug-20,$62.22 ,$62.34 ,$57.27 ,$58.58 ,"$2,625,416,624 ","$3,826,259,089 "
24-Aug-20,$60.62 ,$62.82 ,$60.27 ,$62.20 ,"$2,490,426,542 ","$4,062,179,119 "
23-Aug-20,$60.26 ,$61.49 ,$58.34 ,$60.62 ,"$2,315,616,100 ","$3,958,807,136 "
22-Aug-20,$59.36 ,$60.46 ,$58.29 ,$60.31 ,"$2,317,942,996 ","$3,937,965,763 "
21-Aug-20,$62.91 ,$63.65 ,$59.17 ,$59.38 ,"$2,911,090,515 ","$3,876,858,022 "
20-Aug-20,$62.02 ,$63.53 ,$61.28 ,$62.97 ,"$2,801,314,591 ","$4,110,648,055 "
19-Aug-20,$65.55 ,$66.97 ,$59.57 ,$62.00 ,"$3,345,972,244 ","$4,047,380,317 "
18-Aug-20,$67.06 ,$68.03 ,$64.28 ,$65.53 ,"$3,627,257,060 ","$4,276,903,970 "
17-Aug-20,$63.83 ,$68.52 ,$61.88 ,$67.03 ,"$3,997,651,594 ","$4,374,438,900 "
16-Aug-20,$59.94 ,$64.29 ,$59.33 ,$63.83 ,"$3,595,771,595 ","$4,165,123,797 "
15-Aug-20,$56.73 ,$60.38 ,$56.73 ,$59.93 ,"$3,063,536,363 ","$3,910,281,206 "
14-Aug-20,$57.70 ,$57.98 ,$56.36 ,$56.75 ,"$2,476,128,674 ","$3,702,706,247 "
13-Aug-20,$54.99 ,$57.86 ,$52.35 ,$57.74 ,"$2,843,622,469 ","$3,766,743,819 "
12-Aug-20,$54.37 ,$55.56 ,$52.32 ,$54.97 ,"$2,450,391,467 ","$3,585,464,599 "
11-Aug-20,$58.29 ,$59.44 ,$53.23 ,$54.39 ,"$2,754,950,222 ","$3,547,154,657 "
10-Aug-20,$57.12 ,$59.24 ,$57.12 ,$58.29 ,"$2,247,183,310 ","$3,801,224,617 "
09-Aug-20,$58.23 ,$58.66 ,$56.50 ,$57.14 ,"$1,601,010,110 ","$3,725,788,182 "
08-Aug-20,$57.21 ,$58.54 ,$56.65 ,$58.13 ,"$1,726,820,323 ","$3,789,893,301 "
07-Aug-20,$59.15 ,$60.84 ,$55.87 ,$57.25 ,"$2,756,992,175 ","$3,731,890,489 "
06-Aug-20,$58.99 ,$60.56 ,$57.98 ,$59.16 ,"$2,241,049,269 ","$3,856,601,785 "
05-Aug-20,$57.58 ,$59.77 ,$57.12 ,$59.01 ,"$2,144,590,019 ","$3,846,220,333 "
04-Aug-20,$58.46 ,$59.42 ,$56.80 ,$57.53 ,"$2,088,598,738 ","$3,749,523,928 "
03-Aug-20,$56.62 ,$59.64 ,$56.14 ,$58.47 ,"$2,250,487,587 ","$3,810,634,494 "
02-Aug-20,$61.26 ,$64.46 ,$55.80 ,$56.64 ,"$3,499,183,526 ","$3,691,130,076 "
01-Aug-20,$58.00 ,$61.66 ,$57.50 ,$61.29 ,"$3,124,975,567 ","$3,993,808,114 "
31-Jul-20,$56.65 ,$58.74 ,$55.83 ,$58.00 ,"$2,461,431,454 ","$3,778,669,742 "
30-Jul-20,$55.10 ,$57.97 ,$54.08 ,$56.64 ,"$3,015,740,898 ","$3,689,985,568 "
29-Jul-20,$55.59 ,$56.69 ,$55.03 ,$55.17 ,"$2,572,759,911 ","$3,593,728,339 "
28-Jul-20,$53.06 ,$57.13 ,$51.90 ,$55.58 ,"$3,293,197,775 ","$3,619,587,263 "
27-Jul-20,$47.97 ,$54.93 ,$47.52 ,$52.95 ,"$3,397,559,596 ","$3,448,224,688 "
26-Jul-20,$48.84 ,$50.38 ,$47.72 ,$47.98 ,"$2,587,129,920 ","$3,124,123,307 "
25-Jul-20,$44.11 ,$49.16 ,$44.07 ,$48.80 ,"$2,433,671,618 ","$3,177,555,508 "
24-Jul-20,$44.85 ,$44.88 ,$44.06 ,$44.18 ,"$1,620,747,746 ","$2,876,436,566 "
23-Jul-20,$44.94 ,$45.47 ,$44.58 ,$44.85 ,"$1,775,727,714 ","$2,919,572,018 "
22-Jul-20,$43.61 ,$45.00 ,$43.32 ,$44.94 ,"$1,383,704,376 ","$2,924,848,189 "
21-Jul-20,$41.97 ,$43.93 ,$41.89 ,$43.62 ,"$1,384,220,462 ","$2,838,623,093 "
20-Jul-20,$42.55 ,$42.71 ,$41.64 ,$41.98 ,"$1,152,077,279 ","$2,731,558,150 "
19-Jul-20,$42.43 ,$42.70 ,$41.88 ,$42.55 ,"$1,140,767,149 ","$2,768,772,725 "
18-Jul-20,$41.91 ,$42.83 ,$41.78 ,$42.43 ,"$1,141,296,421 ","$2,760,226,500 "
17-Jul-20,$42.04 ,$42.34 ,$41.78 ,$41.91 ,"$1,336,746,650 ","$2,726,545,150 "
16-Jul-20,$43.26 ,$43.40 ,$41.47 ,$42.04 ,"$1,543,731,673 ","$2,734,230,404 "
15-Jul-20,$43.79 ,$44.01 ,$42.99 ,$43.28 ,"$1,809,900,342 ","$2,814,802,324 "
14-Jul-20,$43.97 ,$44.00 ,$43.14 ,$43.80 ,"$1,882,872,130 ","$2,848,566,183 "
13-Jul-20,$44.64 ,$45.31 ,$43.24 ,$43.92 ,"$1,724,704,950 ","$2,855,849,775 "
12-Jul-20,$44.69 ,$45.18 ,$44.06 ,$44.64 ,"$1,598,865,182 ","$2,902,091,664 "
11-Jul-20,$44.25 ,$44.71 ,$44.01 ,$44.68 ,"$1,764,984,238 ","$2,904,378,314 "
10-Jul-20,$44.51 ,$44.53 ,$43.55 ,$44.25 ,"$1,840,301,462 ","$2,876,028,160 "
09-Jul-20,$45.19 ,$45.71 ,$43.83 ,$44.54 ,"$1,985,305,536 ","$2,894,664,419 "
08-Jul-20,$43.32 ,$45.41 ,$43.17 ,$45.20 ,"$2,161,892,498 ","$2,937,468,640 "
07-Jul-20,$43.96 ,$44.22 ,$43.11 ,$43.32 ,"$1,360,983,976 ","$2,814,829,248 "
06-Jul-20,$41.60 ,$44.15 ,$41.50 ,$43.96 ,"$1,743,603,778 ","$2,856,450,323 "
05-Jul-20,$42.02 ,$42.16 ,$40.99 ,$41.60 ,"$1,170,070,065 ","$2,702,477,997 "
04-Jul-20,$41.17 ,$42.17 ,$41.13 ,$42.07 ,"$1,173,145,659 ","$2,732,595,058 "
03-Jul-20,$41.47 ,$41.68 ,$41.05 ,$41.21 ,"$1,122,905,126 ","$2,676,330,600 "
02-Jul-20,$41.74 ,$41.93 ,$40.66 ,$41.49 ,"$1,339,074,369 ","$2,694,260,227 "
01-Jul-20,$41.43 ,$42.19 ,$41.29 ,$41.70 ,"$1,220,528,740 ","$2,707,814,853 "
30-Jun-20,$41.74 ,$41.97 ,$41.03 ,$41.47 ,"$1,390,313,389 ","$2,692,495,275 "
29-Jun-20,$41.43 ,$42.00 ,$41.02 ,$41.85 ,"$1,668,680,719 ","$2,717,052,119 "
28-Jun-20,$41.56 ,$42.02 ,$40.78 ,$41.41 ,"$1,337,385,786 ","$2,687,972,549 "
27-Jun-20,$43.28 ,$43.45 ,$40.75 ,$41.56 ,"$1,453,347,400 ","$2,697,200,834 "
26-Jun-20,$42.56 ,$43.56 ,$41.76 ,$43.32 ,"$1,714,646,169 ","$2,811,467,299 "
25-Jun-20,$42.86 ,$43.03 ,$42.21 ,$42.56 ,"$1,311,840,193 ","$2,762,034,095 "
24-Jun-20,$44.19 ,$44.53 ,$42.71 ,$42.84 ,"$1,493,695,398 ","$2,779,946,161 "
23-Jun-20,$44.19 ,$44.32 ,$43.62 ,$44.18 ,"$1,365,925,951 ","$2,866,313,928 "
22-Jun-20,$43.11 ,$44.34 ,$43.07 ,$44.19 ,"$1,659,721,584 ","$2,866,546,342 "
21-Jun-20,$43.34 ,$43.76 ,$43.03 ,$43.09 ,"$1,362,753,187 ","$2,794,826,424 "
20-Jun-20,$42.65 ,$43.78 ,$42.63 ,$43.35 ,"$1,500,492,583 ","$2,811,334,445 "
19-Jun-20,$43.56 ,$43.68 ,$42.60 ,$42.68 ,"$1,712,639,222 ","$2,767,724,113 "
18-Jun-20,$44.03 ,$44.12 ,$43.14 ,$43.56 ,"$1,576,467,272 ","$2,830,626,074 "
17-Jun-20,$43.88 ,$44.81 ,$43.36 ,$44.03 ,"$1,996,899,442 ","$2,860,963,357 "
16-Jun-20,$43.91 ,$44.28 ,$43.49 ,$43.88 ,"$1,841,455,099 ","$2,850,591,900 "
15-Jun-20,$44.08 ,$44.20 ,$42.09 ,$43.91 ,"$2,090,717,318 ","$2,852,680,851 "
14-Jun-20,$45.10 ,$45.10 ,$43.89 ,$44.08 ,"$1,782,403,292 ","$2,863,412,897 "
13-Jun-20,$44.79 ,$45.19 ,$44.46 ,$45.09 ,"$1,739,835,590 ","$2,928,688,758 "
12-Jun-20,$43.50 ,$45.27 ,$43.12 ,$44.83 ,"$2,260,548,556 ","$2,911,065,499 "
11-Jun-20,$46.68 ,$46.90 ,$42.97 ,$43.51 ,"$2,554,226,325 ","$2,825,486,779 "
10-Jun-20,$46.07 ,$46.89 ,$45.89 ,$46.68 ,"$2,146,762,421 ","$3,030,821,037 "
09-Jun-20,$46.47 ,$46.74 ,$45.67 ,$46.07 ,"$2,141,209,283 ","$2,990,871,181 "
08-Jun-20,$46.66 ,$46.88 ,$46.06 ,$46.47 ,"$2,357,747,091 ","$3,016,794,015 "
07-Jun-20,$46.74 ,$46.94 ,$45.39 ,$46.67 ,"$2,385,218,875 ","$3,029,051,321 "
06-Jun-20,$47.07 ,$47.32 ,$46.43 ,$46.73 ,"$2,160,092,222 ","$3,032,854,879 "
05-Jun-20,$47.67 ,$47.92 ,$46.87 ,$47.05 ,"$2,551,367,878 ","$3,053,335,010 "
04-Jun-20,$47.20 ,$47.99 ,$46.58 ,$47.64 ,"$2,697,436,350 ","$3,090,975,369 "
03-Jun-20,$45.93 ,$47.63 ,$45.66 ,$47.17 ,"$2,691,495,449 ","$3,060,501,220 "
02-Jun-20,$48.09 ,$49.76 ,$45.26 ,$45.92 ,"$3,060,955,005 ","$2,979,119,286 "
01-Jun-20,$45.57 ,$48.40 ,$45.43 ,$48.13 ,"$3,035,652,544 ","$3,121,604,529 "
31-May-20,$47.54 ,$47.57 ,$45.32 ,$45.59 ,"$2,637,761,668 ","$2,956,928,358 "
30-May-20,$44.63 ,$47.54 ,$44.23 ,$47.54 ,"$2,852,777,896 ","$3,082,829,598 "
29-May-20,$44.78 ,$45.38 ,$44.32 ,$44.65 ,"$2,632,197,768 ","$2,895,315,418 "
28-May-20,$43.87 ,$44.86 ,$43.50 ,$44.76 ,"$2,743,046,058 ","$2,901,856,312 "
27-May-20,$42.41 ,$44.07 ,$42.37 ,$43.86 ,"$2,757,608,482 ","$2,843,324,947 "
26-May-20,$42.93 ,$43.01 ,$42.12 ,$42.43 ,"$2,475,471,673 ","$2,750,446,203 "
25-May-20,$42.41 ,$43.44 ,$42.10 ,$42.95 ,"$2,701,310,002 ","$2,783,422,664 "
24-May-20,$44.02 ,$44.38 ,$42.44 ,$42.45 ,"$2,656,112,321 ","$2,750,870,493 "
23-May-20,$44.21 ,$44.53 ,$43.71 ,$44.03 ,"$2,576,920,703 ","$2,853,191,056 "
22-May-20,$42.73 ,$44.58 ,$42.51 ,$44.21 ,"$2,908,274,408 ","$2,864,136,481 "
21-May-20,$44.16 ,$44.45 ,$41.88 ,$42.74 ,"$3,143,718,509 ","$2,768,884,214 "
20-May-20,$45.39 ,$45.96 ,$43.72 ,$44.17 ,"$3,448,255,432 ","$2,861,150,335 "
19-May-20,$45.21 ,$45.38 ,$44.34 ,$45.38 ,"$3,612,370,257 ","$2,939,336,800 "
18-May-20,$43.64 ,$46.24 ,$43.59 ,$45.20 ,"$4,473,025,831 ","$2,927,235,935 "
17-May-20,$43.18 ,$44.36 ,$43.10 ,$43.64 ,"$3,901,110,454 ","$2,825,893,814 "
16-May-20,$42.85 ,$43.74 ,$42.58 ,$43.21 ,"$3,879,155,974 ","$2,797,840,306 "
15-May-20,$43.95 ,$44.06 ,$42.47 ,$42.83 ,"$4,340,414,828 ","$2,772,979,035 "
14-May-20,$43.09 ,$44.23 ,$42.48 ,$43.95 ,"$5,023,559,798 ","$2,844,597,190 "
13-May-20,$42.07 ,$43.55 ,$41.95 ,$43.13 ,"$4,565,388,581 ","$2,791,779,469 "
12-May-20,$41.74 ,$42.68 ,$41.41 ,$42.11 ,"$4,734,936,547 ","$2,725,296,857 "
11-May-20,$42.36 ,$42.86 ,$40.14 ,$41.70 ,"$5,121,746,343 ","$2,698,347,048 "
10-May-20,$47.26 ,$47.26 ,$40.57 ,$42.37 ,"$5,783,062,532 ","$2,741,254,063 "
09-May-20,$47.84 ,$48.94 ,$47.13 ,$47.27 ,"$4,740,601,428 ","$3,058,380,577 "
08-May-20,$47.31 ,$48.55 ,$46.63 ,$47.88 ,"$4,780,707,207 ","$3,097,356,144 "
07-May-20,$46.02 ,$48.07 ,$45.03 ,$47.33 ,"$5,080,727,910 ","$3,061,336,365 "
06-May-20,$46.77 ,$47.78 ,$45.94 ,$45.94 ,"$4,575,858,023 ","$2,971,266,131 "
05-May-20,$47.45 ,$47.91 ,$46.37 ,$46.79 ,"$4,187,625,277 ","$3,025,540,504 "
04-May-20,$48.24 ,$48.35 ,$46.04 ,$47.47 ,"$4,488,284,400 ","$3,069,527,725 "
03-May-20,$49.46 ,$50.04 ,$47.55 ,$48.27 ,"$4,667,453,994 ","$3,120,493,727 "
02-May-20,$47.77 ,$49.57 ,$47.45 ,$49.46 ,"$4,453,777,871 ","$3,197,119,850 "
01-May-20,$46.71 ,$48.60 ,$46.71 ,$47.79 ,"$4,581,731,065 ","$3,089,051,663 "
30-Apr-20,$49.15 ,$50.92 ,$46.58 ,$46.71 ,"$5,724,477,325 ","$3,019,046,193 "
29-Apr-20,$46.09 ,$49.62 ,$46.01 ,$49.18 ,"$5,673,988,960 ","$3,178,164,249 "
28-Apr-20,$44.74 ,$46.31 ,$44.07 ,$46.03 ,"$4,413,476,561 ","$2,974,099,483 "
27-Apr-20,$44.68 ,$45.42 ,$43.89 ,$44.71 ,"$4,473,729,902 ","$2,888,544,819 "
26-Apr-20,$44.72 ,$45.34 ,$44.31 ,$44.69 ,"$4,687,873,111 ","$2,886,855,018 "
25-Apr-20,$44.82 ,$45.65 ,$44.37 ,$44.71 ,"$4,769,855,704 ","$2,888,203,931 "
24-Apr-20,$42.99 ,$45.17 ,$42.94 ,$44.81 ,"$4,786,600,723 ","$2,894,063,140 "
23-Apr-20,$41.88 ,$43.37 ,$41.43 ,$42.94 ,"$4,757,478,698 ","$2,772,774,520 "
22-Apr-20,$40.99 ,$42.32 ,$40.69 ,$41.89 ,"$4,029,531,589 ","$2,704,698,254 "
21-Apr-20,$40.81 ,$41.26 ,$40.42 ,$41.04 ,"$3,954,491,838 ","$2,649,690,810 "
20-Apr-20,$42.67 ,$43.38 ,$40.46 ,$40.83 ,"$4,293,209,435 ","$2,635,710,772 "
19-Apr-20,$44.35 ,$44.51 ,$42.60 ,$42.63 ,"$4,563,334,114 ","$2,751,996,675 "
18-Apr-20,$42.75 ,$44.38 ,$42.53 ,$44.36 ,"$4,508,378,329 ","$2,863,206,054 "
17-Apr-20,$42.68 ,$43.21 ,$42.00 ,$42.75 ,"$4,096,625,538 ","$2,758,454,401 "
16-Apr-20,$39.64 ,$43.01 ,$38.60 ,$42.69 ,"$4,985,504,369 ","$2,754,496,415 "
15-Apr-20,$41.08 ,$41.71 ,$39.45 ,$39.59 ,"$3,696,959,521 ","$2,554,181,141 "
14-Apr-20,$41.22 ,$41.82 ,$40.68 ,$41.05 ,"$3,713,345,006 ","$2,648,383,666 "
13-Apr-20,$42.50 ,$42.50 ,$39.96 ,$41.20 ,"$3,998,289,644 ","$2,657,814,813 "
12-Apr-20,$42.32 ,$43.29 ,$42.01 ,$42.45 ,"$3,639,638,078 ","$2,737,892,510 "
11-Apr-20,$42.26 ,$42.97 ,$41.69 ,$42.32 ,"$3,374,908,252 ","$2,729,109,196 "
10-Apr-20,$46.40 ,$46.47 ,$41.33 ,$42.27 ,"$4,008,964,133 ","$2,725,609,591 "
09-Apr-20,$46.35 ,$46.58 ,$45.17 ,$46.38 ,"$3,628,019,378 ","$2,990,629,539 "
08-Apr-20,$44.68 ,$46.75 ,$44.35 ,$46.32 ,"$3,831,132,142 ","$2,986,094,917 "
07-Apr-20,$44.40 ,$47.20 ,$44.11 ,$44.67 ,"$4,391,267,713 ","$2,879,255,750 "
06-Apr-20,$40.66 ,$44.49 ,$40.54 ,$44.39 ,"$4,287,968,687 ","$2,861,077,283 "
05-Apr-20,$40.69 ,$41.00 ,$39.93 ,$40.67 ,"$3,084,146,015 ","$2,620,968,039 "
04-Apr-20,$40.34 ,$40.83 ,$39.96 ,$40.68 ,"$3,229,457,622 ","$2,621,009,072 "
03-Apr-20,$39.89 ,$41.08 ,$39.68 ,$40.36 ,"$3,482,692,346 ","$2,600,305,500 "
02-Apr-20,$39.36 ,$41.65 ,$39.25 ,$39.87 ,"$3,985,953,572 ","$2,568,780,271 "
01-Apr-20,$39.28 ,$39.38 ,$37.45 ,$39.38 ,"$3,303,999,600 ","$2,536,712,327 "
31-Mar-20,$39.12 ,$39.37 ,$38.68 ,$39.30 ,"$3,359,087,002 ","$2,531,157,610 "
30-Mar-20,$37.26 ,$39.32 ,$37.26 ,$39.14 ,"$3,318,334,905 ","$2,520,514,843 "
29-Mar-20,$38.87 ,$38.93 ,$37.21 ,$37.33 ,"$2,683,734,233 ","$2,403,961,159 "
28-Mar-20,$38.86 ,$39.33 ,$37.10 ,$38.87 ,"$3,119,837,445 ","$2,502,911,913 "
27-Mar-20,$40.18 ,$40.60 ,$38.89 ,$38.92 ,"$2,962,853,270 ","$2,505,504,071 "
26-Mar-20,$39.17 ,$40.17 ,$38.79 ,$40.16 ,"$2,827,963,692 ","$2,585,178,521 "
25-Mar-20,$40.48 ,$40.70 ,$38.55 ,$39.15 ,"$3,133,347,522 ","$2,519,916,317 "
24-Mar-20,$38.75 ,$40.75 ,$38.27 ,$40.49 ,"$3,331,925,793 ","$2,605,834,454 "
23-Mar-20,$35.58 ,$38.85 ,$35.42 ,$38.77 ,"$3,598,154,774 ","$2,494,558,925 "
22-Mar-20,$38.37 ,$39.48 ,$35.50 ,$35.63 ,"$3,148,219,029 ","$2,292,391,578 "
21-Mar-20,$38.08 ,$39.34 ,$36.95 ,$38.34 ,"$3,438,721,430 ","$2,466,743,818 "
20-Mar-20,$39.11 ,$43.33 ,$35.59 ,$38.13 ,"$4,537,692,970 ","$2,452,922,646 "
19-Mar-20,$33.72 ,$40.23 ,$33.71 ,$39.07 ,"$4,157,185,543 ","$2,513,235,593 "
18-Mar-20,$33.56 ,$34.14 ,$32.78 ,$33.68 ,"$3,170,415,992 ","$2,166,347,103 "
17-Mar-20,$32.90 ,$35.42 ,$32.79 ,$33.56 ,"$3,289,527,849 ","$2,158,391,141 "
16-Mar-20,$36.45 ,$36.45 ,$30.61 ,$32.88 ,"$4,079,630,236 ","$2,113,940,825 "
15-Mar-20,$34.41 ,$38.23 ,$34.20 ,$36.44 ,"$3,434,485,463 ","$2,342,660,616 "
14-Mar-20,$37.54 ,$37.60 ,$34.04 ,$34.40 ,"$3,270,465,986 ","$2,211,281,928 "
13-Mar-20,$31.00 ,$39.25 ,$25.57 ,$37.44 ,"$7,552,238,198 ","$2,406,597,116 "
12-Mar-20,$48.45 ,$48.56 ,$30.63 ,$30.93 ,"$5,417,383,296 ","$1,988,180,694 "
11-Mar-20,$50.26 ,$50.61 ,$46.24 ,$48.46 ,"$3,807,551,814 ","$3,114,857,126 "
10-Mar-20,$50.48 ,$51.25 ,$49.40 ,$50.26 ,"$3,945,792,927 ","$3,229,716,140 "
09-Mar-20,$51.64 ,$52.31 ,$47.28 ,$50.17 ,"$5,097,423,294 ","$3,223,665,284 "
08-Mar-20,$60.58 ,$60.61 ,$51.73 ,$51.73 ,"$4,523,736,331 ","$3,323,571,636 "
07-Mar-20,$63.02 ,$63.76 ,$60.50 ,$60.55 ,"$4,258,036,532 ","$3,889,681,824 "
06-Mar-20,$62.05 ,$63.77 ,$61.46 ,$63.03 ,"$4,766,934,524 ","$4,048,469,921 "
05-Mar-20,$60.40 ,$63.14 ,$60.40 ,$62.05 ,"$4,712,202,709 ","$3,985,045,689 "
04-Mar-20,$61.14 ,$61.57 ,$59.36 ,$60.38 ,"$4,429,853,608 ","$3,877,791,382 "
03-Mar-20,$61.02 ,$62.35 ,$60.01 ,$61.14 ,"$5,412,760,345 ","$3,926,290,829 "
02-Mar-20,$57.98 ,$61.94 ,$57.55 ,$61.00 ,"$5,309,970,238 ","$3,916,306,949 "
01-Mar-20,$58.53 ,$60.12 ,$56.65 ,$57.96 ,"$4,317,287,191 ","$3,720,790,355 "
29-Feb-20,$59.75 ,$61.38 ,$58.39 ,$58.54 ,"$4,168,117,352 ","$3,758,049,404 "
28-Feb-20,$61.44 ,$63.17 ,$57.84 ,$59.76 ,"$5,266,399,749 ","$3,835,945,103 "
27-Feb-20,$61.03 ,$64.62 ,$57.80 ,$61.51 ,"$5,649,302,854 ","$3,947,440,769 "
26-Feb-20,$71.18 ,$71.86 ,$58.58 ,$61.01 ,"$6,518,313,483 ","$3,915,328,585 "
25-Feb-20,$75.50 ,$75.81 ,$70.07 ,$71.18 ,"$5,755,711,246 ","$4,567,178,980 "
24-Feb-20,$79.56 ,$79.56 ,$72.38 ,$75.54 ,"$6,355,612,214 ","$4,846,065,100 "
23-Feb-20,$75.07 ,$79.80 ,$74.98 ,$79.54 ,"$5,702,486,428 ","$5,102,126,285 "
22-Feb-20,$73.49 ,$76.49 ,$72.57 ,$75.13 ,"$5,547,090,434 ","$4,819,103,854 "
21-Feb-20,$69.57 ,$74.94 ,$68.91 ,$73.45 ,"$5,579,449,656 ","$4,710,680,779 "
20-Feb-20,$70.98 ,$72.17 ,$67.46 ,$69.62 ,"$5,500,324,693 ","$4,464,832,282 "
19-Feb-20,$77.08 ,$78.20 ,$70.54 ,$71.14 ,"$5,298,677,185 ","$4,561,234,455 "
18-Feb-20,$73.19 ,$78.01 ,$70.89 ,$77.04 ,"$5,600,214,717 ","$4,938,917,809 "
17-Feb-20,$74.97 ,$75.38 ,$69.44 ,$73.25 ,"$5,593,944,695 ","$4,695,804,838 "
16-Feb-20,$76.73 ,$80.41 ,$69.58 ,$75.15 ,"$6,186,098,306 ","$4,817,137,104 "
15-Feb-20,$83.03 ,$83.38 ,$76.10 ,$76.51 ,"$5,612,667,760 ","$4,903,772,881 "
14-Feb-20,$80.38 ,$83.46 ,$79.43 ,$82.99 ,"$5,382,846,670 ","$5,318,240,171 "
13-Feb-20,$81.23 ,$83.69 ,$78.58 ,$80.40 ,"$6,579,062,946 ","$5,151,873,617 "
12-Feb-20,$76.49 ,$82.27 ,$76.45 ,$81.30 ,"$5,701,884,854 ","$5,208,558,724 "
11-Feb-20,$74.35 ,$76.63 ,$72.85 ,$76.60 ,"$4,742,120,918 ","$4,906,933,361 "
10-Feb-20,$77.14 ,$77.56 ,$73.12 ,$74.34 ,"$5,373,709,984 ","$4,761,554,712 "
09-Feb-20,$76.45 ,$78.20 ,$75.69 ,$77.09 ,"$5,145,711,108 ","$4,937,660,994 "
08-Feb-20,$74.40 ,$77.42 ,$72.14 ,$76.47 ,"$5,496,860,399 ","$4,897,092,475 "
07-Feb-20,$73.47 ,$74.96 ,$73.22 ,$74.36 ,"$5,051,951,258 ","$4,761,261,677 "
06-Feb-20,$72.53 ,$74.66 ,$71.11 ,$73.39 ,"$5,463,272,394 ","$4,698,795,737 "
05-Feb-20,$68.11 ,$73.18 ,$67.88 ,$72.49 ,"$5,169,585,841 ","$4,640,906,808 "
04-Feb-20,$69.77 ,$70.33 ,$66.90 ,$68.20 ,"$4,449,652,117 ","$4,365,253,454 "
03-Feb-20,$69.99 ,$72.39 ,$68.97 ,$69.78 ,"$4,965,069,690 ","$4,466,102,181 "
02-Feb-20,$70.80 ,$73.25 ,$68.13 ,$70.23 ,"$5,482,993,030 ","$4,494,447,999 "
01-Feb-20,$67.91 ,$72.28 ,$67.66 ,$70.82 ,"$6,009,767,449 ","$4,531,596,557 "
31-Jan-20,$68.18 ,$69.38 ,$65.79 ,$67.88 ,"$5,718,104,791 ","$4,342,918,713 "
30-Jan-20,$60.01 ,$69.74 ,$58.78 ,$68.16 ,"$6,042,169,957 ","$4,360,322,858 "
29-Jan-20,$60.66 ,$62.25 ,$59.78 ,$60.08 ,"$3,894,445,882 ","$3,842,950,242 "
28-Jan-20,$58.77 ,$61.15 ,$57.76 ,$60.67 ,"$4,220,742,210 ","$3,880,511,637 "
27-Jan-20,$56.28 ,$59.58 ,$56.08 ,$58.76 ,"$3,832,184,228 ","$3,758,010,753 "
26-Jan-20,$53.69 ,$56.48 ,$53.30 ,$56.21 ,"$3,283,750,798 ","$3,594,505,100 "
25-Jan-20,$54.56 ,$54.56 ,$52.77 ,$53.70 ,"$2,938,756,558 ","$3,433,273,431 "
24-Jan-20,$54.64 ,$55.42 ,$51.36 ,$54.53 ,"$3,532,776,556 ","$3,486,182,447 "
23-Jan-20,$58.35 ,$58.48 ,$53.39 ,$54.63 ,"$3,348,002,983 ","$3,492,096,602 "
22-Jan-20,$57.64 ,$58.99 ,$57.32 ,$58.35 ,"$3,076,205,980 ","$3,729,779,086 "
21-Jan-20,$57.23 ,$57.96 ,$56.27 ,$57.65 ,"$3,130,143,642 ","$3,684,221,719 "
20-Jan-20,$57.78 ,$58.09 ,$56.23 ,$57.20 ,"$3,306,438,947 ","$3,655,443,935 "
19-Jan-20,$59.45 ,$61.79 ,$56.18 ,$57.80 ,"$4,197,776,579 ","$3,693,201,722 "
18-Jan-20,$61.30 ,$62.17 ,$58.53 ,$59.41 ,"$4,426,051,530 ","$3,795,493,154 "
17-Jan-20,$57.64 ,$62.89 ,$56.90 ,$61.49 ,"$5,067,456,613 ","$3,927,821,846 "
16-Jan-20,$58.05 ,$58.30 ,$55.15 ,$57.62 ,"$4,347,723,835 ","$3,680,300,934 "
15-Jan-20,$58.39 ,$59.92 ,$56.17 ,$58.05 ,"$5,070,738,793 ","$3,707,655,223 "
14-Jan-20,$49.70 ,$59.88 ,$49.69 ,$58.48 ,"$5,729,547,956 ","$3,734,400,000 "
13-Jan-20,$51.12 ,$51.39 ,$48.93 ,$49.73 ,"$3,336,204,744 ","$3,175,647,876 "
12-Jan-20,$49.32 ,$51.30 ,$49.01 ,$51.08 ,"$3,858,852,964 ","$3,261,300,810 "
11-Jan-20,$48.63 ,$51.33 ,$48.09 ,$49.26 ,"$3,915,781,115 ","$3,144,901,794 "
10-Jan-20,$45.21 ,$49.17 ,$44.03 ,$48.73 ,"$3,808,140,302 ","$3,110,300,142 "
09-Jan-20,$45.62 ,$45.78 ,$44.31 ,$45.22 ,"$2,986,327,757 ","$2,885,860,528 "
08-Jan-20,$46.45 ,$48.20 ,$44.63 ,$45.65 ,"$3,633,957,130 ","$2,913,485,629 "
07-Jan-20,$45.84 ,$46.86 ,$44.72 ,$46.42 ,"$3,611,521,907 ","$2,962,310,517 "
06-Jan-20,$43.60 ,$45.96 ,$43.49 ,$45.82 ,"$3,349,237,768 ","$2,923,126,044 "
05-Jan-20,$43.29 ,$44.73 ,$43.00 ,$43.55 ,"$3,017,148,033 ","$2,778,396,525 "
04-Jan-20,$42.38 ,$43.34 ,$41.93 ,$43.33 ,"$2,843,192,897 ","$2,763,617,782 "
03-Jan-20,$39.86 ,$42.45 ,$39.45 ,$42.42 ,"$3,260,961,326 ","$2,705,193,552 "
02-Jan-20,$42.02 ,$42.13 ,$39.68 ,$39.82 ,"$2,759,827,139 ","$2,539,554,281 "
